id_promocion_articulo;id_promocion;id_articulo;fecha_inicio;fecha_fin;descuento_pct;precio_promocional;motivo
PRA000039;PMO202401;ART000137;2024-01-07;2024-01-31;0.0794;708.85;Rebajas
PRA000042;PMO202401;ART000145;2024-01-07;2024-01-31;0.1305;434.74;Rebajas
PRA000044;PMO202401;ART000151;2024-01-07;2024-01-31;0.1075;687.22;Rebajas
PRA000045;PMO202401;ART000153;2024-01-07;2024-01-31;0.102;502.87;Rebajas
PRA000046;PMO202401;ART000154;2024-01-07;2024-01-31;0.0902;445.79;Rebajas
PRA000048;PMO202401;ART000156;2024-01-07;2024-01-31;0.082;569.15;Rebajas
PRA000051;PMO202401;ART000165;2024-01-07;2024-01-31;0.1219;430.26;Rebajas
PRA000052;PMO202401;ART000168;2024-01-07;2024-01-31;0.088;601.91;Rebajas
PRA000053;PMO202401;ART000172;2024-01-07;2024-01-31;0.1115;533.09;Rebajas
PRA000072;PMO202401;ART000253;2024-01-07;2024-01-31;0.1209;105.48;Rebajas
PRA000076;PMO202401;ART000264;2024-01-07;2024-01-31;0.121;149.42;Rebajas
PRA000080;PMO202401;ART000269;2024-01-07;2024-01-31;0.1318;243.09;Rebajas
PRA000088;PMO202401;ART000287;2024-01-07;2024-01-31;0.0823;669.91;Rebajas
PRA000090;PMO202401;ART000289;2024-01-07;2024-01-31;0.1099;267.02;Rebajas
PRA000093;PMO202401;ART000294;2024-01-07;2024-01-31;0.0977;162.4;Rebajas
PRA000094;PMO202401;ART000295;2024-01-07;2024-01-31;0.1127;283.93;Rebajas
PRA000095;PMO202401;ART000297;2024-01-07;2024-01-31;0.085;128.09;Rebajas
PRA000101;PMO202401;ART000318;2024-01-07;2024-01-31;0.1122;648.09;Rebajas
PRA000102;PMO202401;ART000319;2024-01-07;2024-01-31;0.1274;602.09;Rebajas
PRA000105;PMO202401;ART000326;2024-01-07;2024-01-31;0.0957;108.51;Rebajas
PRA000108;PMO202401;ART000344;2024-01-07;2024-01-31;0.1177;149.98;Rebajas
PRA000112;PMO202401;ART000350;2024-01-07;2024-01-31;0.097;243.8;Rebajas
PRA000290;PMO202411;ART000142;2024-11-20;2024-12-02;0.1757;494.57;Black Friday
PRA000294;PMO202411;ART000151;2024-11-20;2024-12-02;0.1815;630.24;Black Friday
PRA000295;PMO202411;ART000153;2024-11-20;2024-12-02;0.2025;446.59;Black Friday
PRA000297;PMO202411;ART000158;2024-11-20;2024-12-02;0.1688;390.66;Black Friday
PRA000299;PMO202411;ART000161;2024-11-20;2024-12-02;0.1668;233.29;Black Friday
PRA000302;PMO202411;ART000168;2024-11-20;2024-12-02;0.1793;541.65;Black Friday
PRA000304;PMO202411;ART000172;2024-11-20;2024-12-02;0.1946;483.23;Black Friday
PRA000309;PMO202411;ART000177;2024-11-20;2024-12-02;0.1878;178.68;Black Friday
PRA000311;PMO202411;ART000188;2024-11-20;2024-12-02;0.171;132.63;Black Friday
PRA000315;PMO202411;ART000195;2024-11-20;2024-12-02;0.164;175.55;Black Friday
PRA000318;PMO202411;ART000199;2024-11-20;2024-12-02;0.2025;239.24;Black Friday
PRA000320;PMO202411;ART000203;2024-11-20;2024-12-02;0.1708;290.21;Black Friday
PRA000346;PMO202411;ART000253;2024-11-20;2024-12-02;0.2105;94.73;Black Friday
PRA000347;PMO202411;ART000256;2024-11-20;2024-12-02;0.1851;162.97;Black Friday
PRA000356;PMO202411;ART000278;2024-11-20;2024-12-02;0.1671;341.48;Black Friday
PRA000358;PMO202411;ART000281;2024-11-20;2024-12-02;0.1593;437.16;Black Friday
PRA000359;PMO202411;ART000287;2024-11-20;2024-12-02;0.206;579.61;Black Friday
PRA000361;PMO202411;ART000289;2024-11-20;2024-12-02;0.2095;237.14;Black Friday
PRA000365;PMO202411;ART000294;2024-11-20;2024-12-02;0.1919;145.45;Black Friday
PRA000366;PMO202411;ART000296;2024-11-20;2024-12-02;0.1766;181.14;Black Friday
PRA000367;PMO202411;ART000297;2024-11-20;2024-12-02;0.2005;111.92;Black Friday
PRA000369;PMO202411;ART000299;2024-11-20;2024-12-02;0.162;92.17;Black Friday
PRA000371;PMO202411;ART000306;2024-11-20;2024-12-02;0.1683;249.5;Black Friday
PRA000377;PMO202411;ART000321;2024-11-20;2024-12-02;0.196;168.83;Black Friday
PRA000384;PMO202411;ART000344;2024-11-20;2024-12-02;0.1651;141.92;Black Friday
PRA000386;PMO202411;ART000350;2024-11-20;2024-12-02;0.1787;221.74;Black Friday
PRA000391;PMO202412;ART000137;2024-12-10;2024-12-24;0.0976;694.84;Navidad
PRA000394;PMO202412;ART000142;2024-12-10;2024-12-24;0.1044;537.35;Navidad
PRA000396;PMO202412;ART000145;2024-12-10;2024-12-24;0.0861;456.94;Navidad
PRA000400;PMO202412;ART000165;2024-12-10;2024-12-24;0.062;459.61;Navidad
PRA000406;PMO202412;ART000181;2024-12-10;2024-12-24;0.0836;256.58;Navidad
PRA000407;PMO202412;ART000182;2024-12-10;2024-12-24;0.0991;279.27;Navidad
PRA000410;PMO202412;ART000188;2024-12-10;2024-12-24;0.1002;143.96;Navidad
PRA000416;PMO202412;ART000199;2024-12-10;2024-12-24;0.0901;272.96;Navidad
PRA000425;PMO202412;ART000324;2024-12-10;2024-12-24;0.0714;260.0;Navidad
PRA000429;PMO202412;ART000341;2024-12-10;2024-12-24;0.0834;36.65;Navidad
PRA000430;PMO202412;ART000342;2024-12-10;2024-12-24;0.0742;55.54;Navidad
PRA000432;PMO202412;ART000348;2024-12-10;2024-12-24;0.1136;44.31;Navidad
PRA000480;PMO202501;ART000135;2025-01-07;2025-01-31;0.1024;924.52;Rebajas
PRA000481;PMO202501;ART000137;2025-01-07;2025-01-31;0.0852;704.39;Rebajas
PRA000483;PMO202501;ART000142;2025-01-07;2025-01-31;0.1344;519.35;Rebajas
PRA000487;PMO202501;ART000154;2025-01-07;2025-01-31;0.0943;443.78;Rebajas
PRA000488;PMO202501;ART000156;2025-01-07;2025-01-31;0.1085;552.72;Rebajas
PRA000489;PMO202501;ART000158;2025-01-07;2025-01-31;0.1344;406.82;Rebajas
PRA000490;PMO202501;ART000161;2025-01-07;2025-01-31;0.1306;243.42;Rebajas
PRA000492;PMO202501;ART000164;2025-01-07;2025-01-31;0.0759;240.26;Rebajas
PRA000494;PMO202501;ART000171;2025-01-07;2025-01-31;0.0764;480.26;Rebajas
PRA000497;PMO202501;ART000182;2025-01-07;2025-01-31;0.1092;276.14;Rebajas
PRA000500;PMO202501;ART000195;2025-01-07;2025-01-31;0.133;182.06;Rebajas
PRA000525;PMO202501;ART000260;2025-01-07;2025-01-31;0.1004;278.87;Rebajas
PRA000527;PMO202501;ART000264;2025-01-07;2025-01-31;0.1073;151.75;Rebajas
PRA000530;PMO202501;ART000276;2025-01-07;2025-01-31;0.1248;735.16;Rebajas
PRA000532;PMO202501;ART000281;2025-01-07;2025-01-31;0.1336;450.52;Rebajas
PRA000534;PMO202501;ART000285;2025-01-07;2025-01-31;0.1081;428.1;Rebajas
PRA000535;PMO202501;ART000286;2025-01-07;2025-01-31;0.0888;391.81;Rebajas
PRA000536;PMO202501;ART000287;2025-01-07;2025-01-31;0.0836;668.96;Rebajas
PRA000537;PMO202501;ART000289;2025-01-07;2025-01-31;0.0803;275.9;Rebajas
PRA000541;PMO202501;ART000295;2025-01-07;2025-01-31;0.1178;282.3;Rebajas
PRA000542;PMO202501;ART000297;2025-01-07;2025-01-31;0.1206;123.11;Rebajas
PRA000543;PMO202501;ART000301;2025-01-07;2025-01-31;0.0898;163.83;Rebajas
PRA000550;PMO202501;ART000321;2025-01-07;2025-01-31;0.0939;190.27;Rebajas
PRA000551;PMO202501;ART000324;2025-01-07;2025-01-31;0.1231;245.52;Rebajas
PRA000552;PMO202501;ART000326;2025-01-07;2025-01-31;0.1218;105.38;Rebajas
PRA000556;PMO202501;ART000342;2025-01-07;2025-01-31;0.1165;53.0;Rebajas
PRA000557;PMO202501;ART000348;2025-01-07;2025-01-31;0.1244;43.77;Rebajas
PRA000722;PMO202511;ART000136;2025-11-20;2025-12-02;0.2105;394.74;Black Friday
PRA000728;PMO202511;ART000154;2025-11-20;2025-12-02;0.1814;401.11;Black Friday
PRA000729;PMO202511;ART000158;2025-11-20;2025-12-02;0.2037;374.25;Black Friday
PRA000730;PMO202511;ART000161;2025-11-20;2025-12-02;0.2222;217.78;Black Friday
PRA000733;PMO202511;ART000165;2025-11-20;2025-12-02;0.2075;388.32;Black Friday
PRA000740;PMO202511;ART000181;2025-11-20;2025-12-02;0.2016;223.54;Black Friday
PRA000744;PMO202511;ART000195;2025-11-20;2025-12-02;0.1967;168.68;Black Friday
PRA000747;PMO202511;ART000203;2025-11-20;2025-12-02;0.2009;279.68;Black Friday
PRA000771;PMO202511;ART000256;2025-11-20;2025-12-02;0.1813;163.73;Black Friday
PRA000776;PMO202511;ART000278;2025-11-20;2025-12-02;0.2182;320.53;Black Friday
PRA000778;PMO202511;ART000286;2025-11-20;2025-12-02;0.1784;353.28;Black Friday
PRA000781;PMO202511;ART000295;2025-11-20;2025-12-02;0.2054;254.26;Black Friday
PRA000782;PMO202511;ART000297;2025-11-20;2025-12-02;0.2063;111.11;Black Friday
PRA000784;PMO202511;ART000301;2025-11-20;2025-12-02;0.1703;149.34;Black Friday
PRA000793;PMO202511;ART000318;2025-11-20;2025-12-02;0.2056;579.9;Black Friday
PRA000794;PMO202511;ART000319;2025-11-20;2025-12-02;0.1805;565.45;Black Friday
PRA000796;PMO202511;ART000324;2025-11-20;2025-12-02;0.2237;217.36;Black Friday
PRA000797;PMO202511;ART000326;2025-11-20;2025-12-02;0.1768;98.78;Black Friday
PRA000807;PMO202511;ART000341;2025-11-20;2025-12-02;0.2074;31.7;Black Friday
PRA000809;PMO202511;ART000344;2025-11-20;2025-12-02;0.2095;134.38;Black Friday
PRA000812;PMO202511;ART000351;2025-11-20;2025-12-02;0.1997;416.15;Black Friday
PRA000817;PMO202511;ART000360;2025-11-20;2025-12-02;0.1868;577.36;Black Friday
PRA000822;PMO202512;ART000136;2025-12-10;2025-12-24;0.102;448.99;Navidad
PRA000823;PMO202512;ART000137;2025-12-10;2025-12-24;0.0797;708.62;Navidad
PRA000827;PMO202512;ART000145;2025-12-10;2025-12-24;0.0726;463.69;Navidad
PRA000828;PMO202512;ART000146;2025-12-10;2025-12-24;0.0622;825.25;Navidad
PRA000830;PMO202512;ART000154;2025-12-10;2025-12-24;0.0994;441.28;Navidad
PRA000836;PMO202512;ART000165;2025-12-10;2025-12-24;0.1008;440.6;Navidad
PRA000840;PMO202512;ART000171;2025-12-10;2025-12-24;0.0726;482.24;Navidad
PRA000842;PMO202512;ART000177;2025-12-10;2025-12-24;0.0877;200.7;Navidad
PRA000847;PMO202512;ART000203;2025-12-10;2025-12-24;0.0924;317.65;Navidad
PRA000852;PMO202512;ART000318;2025-12-10;2025-12-24;0.0719;677.5;Navidad
PRA000853;PMO202512;ART000319;2025-12-10;2025-12-24;0.1041;618.16;Navidad
PRA000860;PMO202512;ART000342;2025-12-10;2025-12-24;0.0621;56.26;Navidad
PRA000861;PMO202512;ART000344;2025-12-10;2025-12-24;0.1138;150.65;Navidad
PRA000863;PMO202512;ART000348;2025-12-10;2025-12-24;0.0949;45.25;Navidad
PRA000866;PMO202512;ART000360;2025-12-10;2025-12-24;0.0965;641.48;Navidad
